,0.0,1.0,accuracy,macro avg,weighted avg
precision,0.36363636363636365,0.6179775280898876,0.59,0.4908069458631256,0.5213278855975485
recall,0.10526315789473684,0.8870967741935484,0.59,0.4961799660441426,0.59
f1-score,0.16326530612244897,0.7284768211920529,0.59,0.44587106365725093,0.5136964454656033
support,38.0,62.0,0.59,100.0,100.0
