model,roc_auc,f1
catboost,0.5143192913990877,0.6807690243842915
